{
  "name": "Tron Legacy Alex",
  "type": "dark",
  "colors": {
    // "editor.background": "#14191f",
    // "editor.foreground": "#aec2e0",
    // "activityBarBadge.background": "#007acc",
    // "sideBarTitle.foreground": "#aec2e0"
    // ------ GENERATED COLORS BELOW
    "focusBorder": "#267fb5",
    "foreground": "#aec2e0",
    //"dropdown.background": "#202831",
    "dropdown.background": "#000000",
    //"input.background": "#202831",
    "input.background": "#000000",
    //"inputOption.activeBorder": "#267fb5",
    //"inputOption.activeBorder": "#017e94a6",
    "inputOption.activeBorder": "#267fb5",
    "list.activeSelectionBackground": "#267fb580",
    //"list.dropBackground": "#267fb580",
    "list.dropBackground": "#000000",
    //"list.focusBackground": "#267fb580",
    "list.focusBackground": "#000000",
    "list.hoverBackground": "#FFFFFF1a",
    //"list.inactiveSelectionBackground": "#FFFFFF33",
    "list.inactiveSelectionBackground": "#00000033",
    //"activityBar.background": "#1c232b",
    "activityBar.background": "#000000",
    "activityBar.dropBackground": "#267fb580",
    "activityBarBadge.background": "#267fb5",
    //"sideBar.background": "#181e25",
    "sideBar.background": "#000000",
    //"sideBarSectionHeader.background": "#1c232b",
    "sideBarSectionHeader.background": "#000000",
    //"editorGroup.dropBackground": "#267fb580",
    "editorGroup.dropBackground": "#00000080",
    "editorGroup.focusedEmptyBorder": "#267fb5",
    //"editorGroupHeader.tabsBackground": "#181e25",
    "editorGroupHeader.tabsBackground": "#000000",
    //"tab.border": "#00000033",
    "tab.border": "#017e94a6",
    //"tab.activeBorder": "#267fb5",
    "tab.activeBorder": "#267fb5",
    //"tab.inactiveBackground": "#1c232b",
    "tab.inactiveBackground": "#000000",
    //"editor.background": "#14191f",
    "editor.background": "#000000",
    "editor.foreground": "#aec2e0",
    "editorLineNumber.foreground": "#FFFFFF4d",
    "editorLineNumber.activeForeground": "#267fb5",
    //"editor.lineHighlightBorder": "#FFFFFF1a",
    "editor.lineHighlightBorder": "#267fb5",
    "editor.rangeHighlightBackground": "#FFFFFF0d",
    //"editorWidget.background": "#181e25",
    "editorWidget.background": "#000000",
    "editorHoverWidget.background": "#181e25",
    "editorMarkerNavigation.background": "#181e25",
    //"peekView.border": "#267fb5",
    "peekView.border": "#267fb5",
    //"peekViewEditor.background": "#101418",
    "peekViewEditor.background": "#000000",
    //"peekViewResult.background": "#181e25",
    "peekViewResult.background": "#000000",
    //"peekViewTitle.background": "#14191f",
    "peekViewTitle.background": "#000000",
    //"panel.background": "#181e25",
    "panel.background": "#000000",
    //"panel.border": "#ffffff1a",
    "panel.border": "#267fb5",
    "panelTitle.activeBorder": "#aec2e080",
    "panelTitle.inactiveForeground": "#aec2e080",
    //"statusBar.background": "#101418",
    "statusBar.background": "#000000",
    //"statusBar.debuggingBackground": "#267fb5",
    "statusBar.debuggingBackground": "#000000",
    //"statusBar.noFolderBackground": "#101418",
    "statusBar.noFolderBackground": "#000000",
    "statusBarItem.activeBackground": "#267fb580",
    "statusBarItem.hoverBackground": "#FFFFFF1a",
    //"titleBar.activeBackground": "#101418",
    "titleBar.activeBackground": "#000000",
    "pickerGroup.border": "#FFFFFF1a",
    "debugToolBar.background": "#1c232b",
    "selection.background": "#267fb5",
    //ALEX ADDED
    "window.activeBorder": "#267fb5",
    "sideBar.border": "#267fb5",
    "sideBarSectionHeader.border": "#267fb5",
    "editorBracketMatch.border": "#000000"
  },
  "tokenColors": [
    {
      "settings": {
        "foreground": "#aec2e0",
        "background": "#14191f"
      }
    },
    {
      "name": "Comment",
      "scope": [
        "comment",
        "punctuation.definition.comment"
      ],
      "settings": {
        "fontStyle": "italic",
        "foreground": "#324357"
      }
    },
    {
      "name": "Variables",
      "scope": [
        "variable",
        "string constant.other.placeholder"
      ],
      "settings": {
        "foreground": "#267fb5"
      }
    },
    {
      "name": "Colors",
      "scope": [
        "constant.other.color"
      ],
      "settings": {
        "foreground": "#FFB20D"
      }
    },
    {
      "name": "Invalid",
      "scope": [
        "invalid",
        "invalid.illegal"
      ],
      "settings": {
        "foreground": "#FF5370"
      }
    },
    {
      "name": "Keyword",
      "scope": [
        "keyword"
      ],
      "settings": {
        "foreground": "#18c264" //0056c7
      }
    },
    {
      "name": "Storage",
      "scope": [
        "storage.type",
        "storage.modifier"
      ],
      "settings": {
        "foreground": "#267fb5"
      }
    },
    {
      "name": "Operator, Misc",
      "scope": [
        "keyword.control",
        "constant.other.color",
        "punctuation",
        "meta.tag",
        "punctuation.definition.tag",
        "punctuation.separator.inheritance.php",
        "punctuation.definition.tag.html",
        "punctuation.definition.tag.begin.html",
        "punctuation.definition.tag.end.html",
        "punctuation.section.embedded",
        "keyword.other.template",
        "keyword.other.substitution"
      ],
      "settings": {
        "foreground": "#18c264" //748aa6
      }
    },
    {
      "name": "JSX Text",
      "scope": [
        "meta.jsx.children.js"
      ],
      "settings": {
        "foreground": "#aec2e0"
      }
    },
    {
      "name": "Tag",
      "scope": [
        "entity.name.tag",
        "meta.tag.sgml",
        "markup.deleted.git_gutter"
      ],
      "settings": {
        "foreground": "#267fb5"
      }
    },
    {
      "name": "Function, Special Method",
      "scope": [
        "entity.name.function",
        "meta.function-call",
        "variable.function",
        "support.function",
        "keyword.other.special-method"
      ],
      "settings": {
        "foreground": "#ff9900"
      }
    },
    {
      "name": "Block Level Variables",
      "scope": [
        "meta.block variable.other"
      ],
      "settings": {
        "foreground": "#18c264" //0056c7
      }
    },
    {
      "name": "Other Variable, String Link",
      "scope": [
        "support.other.variable",
        "string.other.link"
      ],
      "settings": {
        "foreground": "#FF410D"
      }
    },
    {
      "name": "Number",
      "scope": [
        "constant.numeric"
      ],
      "settings": {
        "foreground": "#bbff00"
      }
    },
    {
      "name": "Function Argument",
      "scope": [
        "variable.parameter"
      ],
      "settings": {
        "foreground": "#76d11c"
      }
    },
    {
      "name": "Go Import Name",
      "scope": [
        "entity.name.import.go"
      ],
      "settings": {
        "foreground": "#95CC5E"
      }
    },
    {
      "name": "Constant, Tag Attribute, Embedded",
      "scope": [
        "constant.language",
        "support.constant",
        "constant.character",
        "constant.escape",
        "keyword.other.unit",
        "keyword.other"
      ],
      "settings": {
        "foreground": "#267fb5"
      }
    },
    {
      "name": "String, Symbols, Inherited Class, Markup Heading",
      "scope": [
        "string",
        "constant.other.symbol",
        "constant.other.key",
        "entity.other.inherited-class",
        "markup.heading",
        "markup.inserted.git_gutter",
        "meta.group.braces.curly constant.other.object.key.js string.unquoted.label.js"
      ],
      "settings": {
        "fontStyle": "bold", //"normal"
        "foreground": "#FF410D"
      }
    },
    {
      "name": "Class, Support",
      "scope": [
        "support.type",
        "support.class",
        "support.orther.namespace.use.php",
        "meta.use.php",
        "support.other.namespace.php",
        "markup.changed.git_gutter",
        "support.type.sys-types"
      ],
      "settings": {
        "foreground": "#d0dfe6"
      }
    },
    {
      "name": "Entity Name",
      "scope": [
        "entity.name"
      ],
      "settings": {
        "foreground": "#FFB20D"
      }
    },
    {
      "name": "Entity Types",
      "scope": [
        "support.type"
      ],
      "settings": {
        "foreground": "#267fb5"
      }
    },
    {
      "name": "CSS Class and Support",
      "scope": [
        "source.css support.type.property-name",
        "source.sass support.type.property-name",
        "source.scss support.type.property-name",
        "source.less support.type.property-name",
        "source.stylus support.type.property-name",
        "source.postcss support.type.property-name"
      ],
      "settings": {
        "foreground": "#F79D1E"
      }
    },
    {
      "name": "Sub-methods",
      "scope": [
        "entity.name.module.js",
        "variable.import.parameter.js",
        "variable.other.class.js"
      ],
      "settings": {
        "foreground": "#FFB20D"
      }
    },
    {
      "name": "Language methods",
      "scope": [
        "variable.language"
      ],
      "settings": {
        "fontStyle": "italic",
        "foreground": "#267fb5"
      }
    },
    {
      "name": "entity.name.method.js",
      "scope": [
        "entity.name.method.js"
      ],
      "settings": {
        "fontStyle": "italic",
        "foreground": "#FFB20D"
      }
    },
    {
      "name": "meta.method.js",
      "scope": [
        "meta.class-method.js entity.name.function.js",
        "variable.function.constructor"
      ],
      "settings": {
        "foreground": "#FFB20D"
      }
    },
    {
      "name": "Attributes",
      "scope": [
        "entity.other.attribute-name"
      ],
      "settings": {
        "foreground": "#FFB20D"
      }
    },
    {
      "name": "Separator",
      "scope": [
        "punctuation.separator.key-value.js"
      ],
      "settings": {
        "foreground": "#FFB20D"
      }
    },
    {
      "name": "Null values",
      "scope": [
        "constant.language.null.js"
      ],
      "settings": {
        "foreground": "#FFB20D",
      }
    },
    {
      "name": "Object key",
      "scope": [
        "meta.object-literal.key.js"
      ],
      "settings": {
        "foreground": "#FF410D",
      }
    },
    {
      "name": "HTML Attributes",
      "scope": [
        "text.html.basic entity.other.attribute-name.html",
        "text.html.basic entity.other.attribute-name"
      ],
      "settings": {
        "fontStyle": "italic",
        "foreground": "#FFB20D"
      }
    },
    {
      "name": "CSS Classes",
      "scope": [
        "entity.other.attribute-name.class"
      ],
      "settings": {
        "foreground": "#FFB20D"
      }
    },
    {
      "name": "CSS ID's",
      "scope": [
        "source.sass keyword.control"
      ],
      "settings": {
        "foreground": "#FFB20D"
      }
    },
    {
      "name": "Inserted",
      "scope": [
        "markup.inserted"
      ],
      "settings": {
        "foreground": "#A6E22E"
      }
    },
    {
      "name": "Deleted",
      "scope": [
        "markup.deleted"
      ],
      "settings": {
        "foreground": "#FF5370"
      }
    },
    {
      "name": "Changed",
      "scope": [
        "markup.changed"
      ],
      "settings": {
        "foreground": "#E6DB74"
      }
    },
    {
      "name": "Regular Expressions",
      "scope": [
        "string.regexp"
      ],
      "settings": {
        "foreground": "#89DDFF"
      }
    },
    {
      "name": "Escape Characters",
      "scope": [
        "constant.character.escape"
      ],
      "settings": {
        "foreground": "#FFB20D"
      }
    },
    {
      "name": "URL",
      "scope": [
        "*url*",
        "*link*",
        "*uri*"
      ],
      "settings": {
        "fontStyle": "underline"
      }
    },
    {
      "name": "Decorators",
      "scope": [
        "tag.decorator.js entity.name.tag.js",
        "tag.decorator.js punctuation.definition.tag.js"
      ],
      "settings": {
        "fontStyle": "italic",
        "foreground": "#267fb5"
      }
    },
    {
      "name": "ES7 Bind Operator",
      "scope": [
        "source.js constant.other.object.key.js string.unquoted.label.js"
      ],
      "settings": {
        "fontStyle": "italic",
        "foreground": "#FF5370"
      }
    },
    {
      "name": "JSON Key - Level 0",
      "scope": [
        "source.json meta.structure.dictionary.json support.type.property-name.json"
      ],
      "settings": {
        "foreground": "#267fb5"
      }
    },
    {
      "name": "JSON Key - Level 1",
      "scope": [
        "source.json meta.structure.dictionary.json meta.structure.dictionary.value.json meta.structure.dictionary.json support.type.property-name.json"
      ],
      "settings": {
        "foreground": "#FFCB6B"
      }
    },
    {
      "name": "JSON Key - Level 2",
      "scope": [
        "source.json meta.structure.dictionary.json meta.structure.dictionary.value.json meta.structure.dictionary.json meta.structure.dictionary.value.json meta.structure.dictionary.json support.type.property-name.json"
      ],
      "settings": {
        "foreground": "#F78C6C"
      }
    },
    {
      "name": "JSON Key - Level 3",
      "scope": [
        "source.json meta.structure.dictionary.json meta.structure.dictionary.value.json meta.structure.dictionary.json meta.structure.dictionary.value.json meta.structure.dictionary.json meta.structure.dictionary.value.json meta.structure.dictionary.json support.type.property-name.json"
      ],
      "settings": {
        "foreground": "#FF5370"
      }
    },
    {
      "name": "JSON Key - Level 4",
      "scope": [
        "source.json meta.structure.dictionary.json meta.structure.dictionary.value.json meta.structure.dictionary.json meta.structure.dictionary.value.json meta.structure.dictionary.json meta.structure.dictionary.value.json meta.structure.dictionary.json meta.structure.dictionary.value.json meta.structure.dictionary.json support.type.property-name.json"
      ],
      "settings": {
        "foreground": "#C17E70"
      }
    },
    {
      "name": "JSON Key - Level 5",
      "scope": [
        "source.json meta.structure.dictionary.json meta.structure.dictionary.value.json meta.structure.dictionary.json meta.structure.dictionary.value.json meta.structure.dictionary.json meta.structure.dictionary.value.json meta.structure.dictionary.json meta.structure.dictionary.value.json meta.structure.dictionary.json meta.structure.dictionary.value.json meta.structure.dictionary.json support.type.property-name.json"
      ],
      "settings": {
        "foreground": "#82AAFF"
      }
    },
    {
      "name": "JSON Key - Level 6",
      "scope": [
        "source.json meta.structure.dictionary.json meta.structure.dictionary.value.json meta.structure.dictionary.json meta.structure.dictionary.value.json meta.structure.dictionary.json meta.structure.dictionary.value.json meta.structure.dictionary.json meta.structure.dictionary.value.json meta.structure.dictionary.json meta.structure.dictionary.value.json meta.structure.dictionary.json meta.structure.dictionary.value.json meta.structure.dictionary.json support.type.property-name.json"
      ],
      "settings": {
        "foreground": "#f07178"
      }
    },
    {
      "name": "JSON Key - Level 7",
      "scope": [
        "source.json meta.structure.dictionary.json meta.structure.dictionary.value.json meta.structure.dictionary.json meta.structure.dictionary.value.json meta.structure.dictionary.json meta.structure.dictionary.value.json meta.structure.dictionary.json meta.structure.dictionary.value.json meta.structure.dictionary.json meta.structure.dictionary.value.json meta.structure.dictionary.json meta.structure.dictionary.value.json meta.structure.dictionary.json meta.structure.dictionary.value.json meta.structure.dictionary.json support.type.property-name.json"
      ],
      "settings": {
        "foreground": "#C792EA"
      }
    },
    {
      "name": "JSON Key - Level 8",
      "scope": [
        "source.json meta.structure.dictionary.json meta.structure.dictionary.value.json meta.structure.dictionary.json meta.structure.dictionary.value.json meta.structure.dictionary.json meta.structure.dictionary.value.json meta.structure.dictionary.json meta.structure.dictionary.value.json meta.structure.dictionary.json meta.structure.dictionary.value.json meta.structure.dictionary.json meta.structure.dictionary.value.json meta.structure.dictionary.json meta.structure.dictionary.value.json meta.structure.dictionary.json meta.structure.dictionary.value.json meta.structure.dictionary.json support.type.property-name.json"
      ],
      "settings": {
        "foreground": "#C3E88D"
      }
    },
    {
      "name": "Markdown - Plain",
      "scope": [
        "text.html.markdown",
        "punctuation.definition.list_item.markdown"
      ],
      "settings": {
        "foreground": "#aec2e0"
      }
    },
    {
      "name": "Markdown - Markup Raw Inline",
      "scope": [
        "text.html.markdown markup.inline.raw.markdown"
      ],
      "settings": {
        "foreground": "#267fb5"
      }
    },
    {
      "name": "Markdown - Markup Raw Inline Punctuation",
      "scope": [
        "text.html.markdown markup.inline.raw.markdown punctuation.definition.raw.markdown"
      ],
      "settings": {
        "foreground": "#65737E"
      }
    },
    {
      "name": "Markdown - Line Break",
      "scope": [
        "text.html.markdown meta.dummy.line-break"
      ],
      "settings": {
        "foreground": "#748aa6"
      }
    },
    {
      "name": "Markdown - Heading",
      "scope": [
        "markdown.heading",
        "markup.heading | markup.heading entity.name",
        "markup.heading.markdown punctuation.definition.heading.markdown"
      ],
      "settings": {
        "foreground": "#95CC5E"
      }
    },
    {
      "name": "Markup - Italic",
      "scope": [
        "markup.italic"
      ],
      "settings": {
        "fontStyle": "italic",
        "foreground": "#f07178"
      }
    },
    {
      "name": "Markup - Bold",
      "scope": [
        "markup.bold",
        "markup.bold string"
      ],
      "settings": {
        "fontStyle": "bold",
        "foreground": "#f07178"
      }
    },
    {
      "name": "Markup - Bold-Italic",
      "scope": [
        "markup.bold markup.italic",
        "markup.italic markup.bold",
        "markup.quote markup.bold",
        "markup.bold markup.italic string",
        "markup.italic markup.bold string",
        "markup.quote markup.bold string"
      ],
      "settings": {
        "fontStyle": "bold",
        "foreground": "#f07178"
      }
    },
    {
      "name": "Markup - Underline",
      "scope": [
        "markup.underline"
      ],
      "settings": {
        "fontStyle": "underline",
        "foreground": "#95CC5E"
      }
    },
    {
      "name": "Markup - Strike",
      "scope": [
        "markup.strike"
      ],
      "settings": {
        "fontStyle": "strike",
        "foreground": ""
      }
    },
    {
      "name": "Markdown - Blockquote",
      "scope": [
        "markup.quote punctuation.definition.blockquote.markdown"
      ],
      "settings": {
        "background": "#65737E",
        "foreground": "#65737E"
      }
    },
    {
      "name": "Markup - Quote",
      "scope": [
        "markup.quote"
      ],
      "settings": {
        "fontStyle": "italic",
        "foreground": ""
      }
    },
    {
      "name": "Markdown - Link",
      "scope": [
        "string.other.link.title.markdown"
      ],
      "settings": {
        "foreground": "#267fb5"
      }
    },
    {
      "name": "Markdown - Link Description",
      "scope": [
        "string.other.link.description.title.markdown"
      ],
      "settings": {
        "foreground": "#00A8C6"
      }
    },
    {
      "name": "Markdown - Link Anchor",
      "scope": [
        "constant.other.reference.link.markdown"
      ],
      "settings": {
        "foreground": "#FFB20D"
      }
    },
    {
      "name": "Markup - Raw Block",
      "scope": [
        "markup.raw.block"
      ],
      "settings": {
        "foreground": "#E6DB74"
      }
    },
    {
      "name": "Markdown - Raw Block Fenced",
      "scope": [
        "markup.raw.block.fenced.markdown"
      ],
      "settings": {
        "foreground": "#00000050"
      }
    },
    {
      "name": "Markdown - Fenced Bode Block",
      "scope": [
        "punctuation.definition.fenced.markdown"
      ],
      "settings": {
        "foreground": "#00000050"
      }
    },
    {
      "name": "Markdown - Fenced Bode Block Variable",
      "scope": [
        "markup.raw.block.fenced.markdown",
        "variable.language.fenced.markdown",
        "punctuation.section.class.end"
      ],
      "settings": {
        "foreground": "#EEFFFF"
      }
    },
    {
      "name": "Markdown - Fenced Language",
      "scope": [
        "variable.language.fenced.markdown"
      ],
      "settings": {
        "foreground": "#65737E"
      }
    },
    {
      "name": "Markdown - Separator",
      "scope": [
        "meta.separator"
      ],
      "settings": {
        "fontStyle": "bold",
        "background": "#00000050",
        "foreground": "#65737E"
      }
    },
    {
      "name": "Markup - Table",
      "scope": [
        "markup.table"
      ],
      "settings": {
        "foreground": "#EEFFFF"
      }
    },
    {
      "scope": "token.info-token",
      "settings": {
        "foreground": "#6796e6"
      }
    },
    {
      "scope": "token.warn-token",
      "settings": {
        "foreground": "#cd9731"
      }
    },
    {
      "scope": "token.error-token",
      "settings": {
        "foreground": "#f44747"
      }
    },
    {
      "scope": "token.debug-token",
      "settings": {
        "foreground": "#b267e6"
      }
    }
  ]
}
