{
  "name": "My Theme",
  "tokenColors": [
    {
      "name": "Global settings",
      "settings": {
        "background": "#14191f",
        "foreground": "#aec2e0"
      }
    },
    {
      "name": "String",
      "scope": "string",
      "settings": {
        "foreground": "#FF410D"
      }
    },
    {
      "name": "String Escape",
      "scope": "constant.character.escape, text.html constant.character.entity.named, punctuation.definition.entity.html",
      "settings": {
        "foreground": "#ff6113"
      }
    },
    {
      "name": "Boolean",
      "scope": "constant.language.boolean",
      "settings": {
        "foreground": "#267fb5"
      }
    },
    {
      "name": "Number",
      "scope": "constant.numeric",
      "settings": {
        "foreground": "#FFB20D"
      }
    },
    {
      "name": "Identifier",
      "scope": "variable, support.variable, support.class, support.constant, meta.definition.variable entity.name.function",
      "settings": {
        "foreground": "#748aa6"
      }
    },
    {
      "name": "Keyword",
      "scope": "keyword, modifier, variable.language.this, support.type.object, constant.language",
      "settings": {
        "foreground": "#267fb5"
      }
    },
    {
      "name": "Function call",
      "scope": "entity.name.function, support.function",
      "settings": {
        "foreground": "#FFB20D"
      }
    },
    {
      "name": "Storage",
      "scope": "storage.type, storage.modifier",
      "settings": {
        "foreground": "#267fb5"
      }
    },
    {
      "name": "Modules",
      "scope": "support.module, support.node",
      "settings": {
        "foreground": "#748aa6",
        "fontStyle": "italic"
      }
    },
    {
      "name": "Type",
      "scope": "support.type",
      "settings": {
        "foreground": "#95CC5E"
      }
    },
    {
      "name": "Type",
      "scope": "entity.name.type, entity.other.inherited-class",
      "settings": {
        "foreground": "#95CC5E"
      }
    },
    {
      "name": "Comment",
      "scope": "comment",
      "settings": {
        "foreground": "#3c4b5d",
        "fontStyle": "italic"
      }
    },
    {
      "name": "Class",
      "scope": "entity.name.type.class",
      "settings": {
        "foreground": "#95CC5E",
        "fontStyle": "underline"
      }
    },
    {
      "name": "Class variable",
      "scope": "variable.object.property, meta.field.declaration entity.name.function",
      "settings": {
        "foreground": "#95CC5E"
      }
    },
    {
      "name": "Class method",
      "scope": "meta.definition.method entity.name.function",
      "settings": {
        "foreground": "#95CC5E"
      }
    },
    {
      "name": "Function definition",
      "scope": "meta.function entity.name.function",
      "settings": {
        "foreground": "#95CC5E"
      }
    },
    {
      "name": "Template expression",
      "scope": "template.expression.begin, template.expression.end, punctuation.definition.template-expression.begin, punctuation.definition.template-expression.end",
      "settings": {
        "foreground": "#267fb5"
      }
    },
    {
      "name": "Reset embedded/template expression colors",
      "scope": "meta.embedded, source.groovy.embedded, meta.template.expression",
      "settings": {
        "foreground": "#aec2e0"
      }
    },
    {
      "name": "YAML key",
      "scope": "entity.name.tag.yaml",
      "settings": {
        "foreground": "#748aa6"
      }
    },
    {
      "name": "JSON key",
      "scope": "meta.object-literal.key, meta.object-literal.key string, support.type.property-name.json",
      "settings": {
        "foreground": "#748aa6"
      }
    },
    {
      "name": "JSON constant",
      "scope": "constant.language.json",
      "settings": {
        "foreground": "#267fb5"
      }
    },
    {
      "name": "CSS class",
      "scope": "entity.other.attribute-name.class",
      "settings": {
        "foreground": "#267fb5"
      }
    },
    {
      "name": "CSS ID",
      "scope": "entity.other.attribute-name.id",
      "settings": {
        "foreground": "#FF410D"
      }
    },
    {
      "name": "CSS tag",
      "scope": "source.css entity.name.tag",
      "settings": {
        "foreground": "#95CC5E"
      }
    },
    {
      "name": "HTML tag outer",
      "scope": "meta.tag, punctuation.definition.tag",
      "settings": {
        "foreground": "#267fb5"
      }
    },
    {
      "name": "HTML tag inner",
      "scope": "entity.name.tag",
      "settings": {
        "foreground": "#748aa6"
      }
    },
    {
      "name": "HTML tag attribute",
      "scope": "entity.other.attribute-name",
      "settings": {
        "foreground": "#FFB20D"
      }
    },
    {
      "name": "Markdown heading",
      "scope": "markup.heading",
      "settings": {
        "foreground": "#267fb5"
      }
    },
    {
      "name": "Markdown link text",
      "scope": "text.html.markdown meta.link.inline, meta.link.reference",
      "settings": {
        "foreground": "#748aa6"
      }
    },
    {
      "name": "Markdown list item",
      "scope": "text.html.markdown beginning.punctuation.definition.list",
      "settings": {
        "foreground": "#267fb5"
      }
    },
    {
      "name": "Markdown italic",
      "scope": "markup.italic",
      "settings": {
        "foreground": "#748aa6",
        "fontStyle": "italic"
      }
    },
    {
      "name": "Markdown bold",
      "scope": "markup.bold",
      "settings": {
        "foreground": "#748aa6",
        "fontStyle": "bold"
      }
    },
    {
      "name": "Markdown bold italic",
      "scope": "markup.bold markup.italic, markup.italic markup.bold",
      "settings": {
        "foreground": "#748aa6",
        "fontStyle": "italic bold"
      }
    },
    {
      "name": "Markdown code block",
      "scope": "markup.fenced_code.block.markdown punctuation.definition.markdown",
      "settings": {
        "foreground": "#FF410D"
      }
    },
    {
      "name": "Markdown inline code",
      "scope": "markup.inline.raw.string.markdown",
      "settings": {
        "foreground": "#FF410D"
      }
    },
    {
      "name": "INI property name",
      "scope": "keyword.other.definition.ini",
      "settings": {
        "foreground": "#748aa6"
      }
    },
    {
      "name": "INI section title",
      "scope": "entity.name.section.group-title.ini",
      "settings": {
        "foreground": "#267fb5"
      }
    },
    {
      "name": "C# class",
      "scope": "source.cs meta.class.identifier storage.type",
      "settings": {
        "foreground": "#95CC5E",
        "fontStyle": "underline"
      }
    },
    {
      "name": "C# class method",
      "scope": "source.cs meta.method.identifier entity.name.function",
      "settings": {
        "foreground": "#95CC5E"
      }
    },
    {
      "name": "C# function call",
      "scope": "source.cs meta.method-call meta.method, source.cs entity.name.function",
      "settings": {
        "foreground": "#FFB20D"
      }
    },
    {
      "name": "C# type",
      "scope": "source.cs storage.type",
      "settings": {
        "foreground": "#95CC5E"
      }
    },
    {
      "name": "C# return type",
      "scope": "source.cs meta.method.return-type",
      "settings": {
        "foreground": "#95CC5E"
      }
    },
    {
      "name": "C# preprocessor",
      "scope": "source.cs meta.preprocessor",
      "settings": {
        "foreground": "#3c4b5d"
      }
    },
    {
      "name": "C# namespace",
      "scope": "source.cs entity.name.type.namespace",
      "settings": {
        "foreground": "#aec2e0"
      }
    },
    {
      "name": "Global settings",
      "settings": {
        "background": "#14191f",
        "foreground": "#aec2e0"
      }
    }
  ],
  "colors": {
    "focusBorder": "#267fb5",
    "foreground": "#aec2e0",
    "button.background": "#267fb5",
    "button.foreground": "#ffffff",
    "dropdown.background": "#202831",
    "input.background": "#202831",
    "inputOption.activeBorder": "#267fb5",
    "list.activeSelectionBackground": "#267fb580",
    "list.activeSelectionForeground": "#FFFFFF",
    "list.dropBackground": "#267fb580",
    "list.focusBackground": "#267fb580",
    "list.focusForeground": "#FFFFFF",
    "list.highlightForeground": "#267fb5",
    "list.hoverBackground": "#FFFFFF1a",
    "list.inactiveSelectionBackground": "#FFFFFF33",
    "activityBar.background": "#1c232b",
    "activityBar.dropBackground": "#267fb580",
    "activityBarBadge.background": "#267fb5",
    "activityBarBadge.foreground": "#ffffff",
    "badge.background": "#267fb5",
    "badge.foreground": "#ffffff",
    "sideBar.background": "#181e25",
    "sideBarSectionHeader.background": "#1c232b",
    "editorGroup.dropBackground": "#267fb580",
    "editorGroup.focusedEmptyBorder": "#267fb5",
    "editorGroupHeader.tabsBackground": "#181e25",
    "tab.border": "#00000033",
    "tab.activeBorder": "#267fb5",
    "tab.inactiveBackground": "#1c232b",
    "tab.activeModifiedBorder": "#267fb5",
    "tab.inactiveModifiedBorder": "#164c6c",
    "tab.unfocusedActiveModifiedBorder": "#1e6590",
    "tab.unfocusedInactiveModifiedBorder": "#164c6c",
    "editor.background": "#14191f",
    "editor.foreground": "#aec2e0",
    "editorLineNumber.foreground": "#FFFFFF4d",
    "editorLineNumber.activeForeground": "#267fb5",
    "editorCursor.foreground": "#FFFFFF",
    "editor.lineHighlightBorder": "#FFFFFF1a",
    "editor.rangeHighlightBackground": "#FFFFFF0d",
    "editorWidget.background": "#181e25",
    "editorHoverWidget.background": "#181e25",
    "editorMarkerNavigation.background": "#181e25",
    "peekView.border": "#267fb5",
    "peekViewEditor.background": "#101418",
    "peekViewResult.background": "#181e25",
    "peekViewTitle.background": "#14191f",
    "panel.background": "#181e25",
    "panel.border": "#FFFFFF1a",
    "panelTitle.activeBorder": "#aec2e080",
    "panelTitle.inactiveForeground": "#aec2e080",
    "statusBar.background": "#101418",
    "statusBar.debuggingBackground": "#267fb5",
    "statusBar.debuggingForeground": "#ffffff",
    "statusBar.noFolderBackground": "#101418",
    "statusBarItem.activeBackground": "#267fb580",
    "statusBarItem.hoverBackground": "#FFFFFF1a",
    "statusBarItem.remoteBackground": "#267fb5",
    "statusBarItem.remoteForeground": "#ffffff",
    "titleBar.activeBackground": "#101418",
    "pickerGroup.border": "#FFFFFF1a",
    "terminal.ansiBlue": "#267fb5",
    "terminal.ansiBrightBlue": "#748aa6",
    "debugToolBar.background": "#1c232b",
    "editorBracketHighlight.foreground1": "#2f9ee2",
    "editorBracketHighlight.foreground2": "#ff5110",
    "editorBracketHighlight.foreground3": "#baff75",
    "editorBracketHighlight.foreground4": "#ffde10",
    "selection.background": "#267fb5",
    "editorGutter.modifiedBackground": "#95CC5E",
    "editorGutter.addedBackground": "#267fb5",
    "editorGutter.deletedBackground": "#FF410D"
  }
}